issue_type_ar,issue_code,issue_ar,issue_en,department_ar,department_en,domain_ar,domain_en,translation_source
الصحة العامة رش مبيدات خارج المنزل,ISS-001,رش مبيدات خارج المنزل,Spraying Pesticides Outside Home,الصحة العامة,Public Health,الصحة العامة,Public Health,official
طرق ملاحظات اسفلت وحفر فى الطريق,ISS-002,ملاحظات اسفلت وحفر فى الطريق,Asphalt and Road Potholes,طرق,Roads,الطرق والأرصفة,Roads & Sidewalks,project
النظافة تدني مستوى نظافة شارع أو حي,ISS-003,تدني مستوى نظافة شارع أو حي,Poor Cleanliness of Street or District,النظافة,Cleaning,النظافة,Cleaning,official
القطاعات و البلديات ملاحظات منشأه تجارية,ISS-004,ملاحظات منشأه تجارية,Commercial Facility Observations,القطاعات و البلديات,Sectors and Municipalities,الرقابة والامتثال البلدي,Municipal Inspection & Compliance,official
إنارة شارع مطفأ,ISS-005,شارع مطفأ,Street Lighting Off,إنارة,Lighting,الإنارة,Lighting,official
الصحة العامة حيوانات ضاله الكلاب و القطط,ISS-006,حيوانات ضاله الكلاب و القطط,Stray Animals (Dogs and Cats),الصحة العامة,Public Health,الصحة العامة,Public Health,official
الصحة العامة حيوانات ضالهالكلاب و القطط,ISS-006,حيوانات ضاله الكلاب و القطط,Stray Animals (Dogs and Cats),الصحة العامة,Public Health,الصحة العامة,Public Health,official
القطاعات و البلديات مخلفات بناء لمبنى تحت الإنشاء,ISS-007,مخلفات بناء لمبنى تحت الإنشاء,Construction Waste from Building Under Construction,القطاعات و البلديات,Sectors and Municipalities,الرقابة والامتثال البلدي,Municipal Inspection & Compliance,project
إنارة عمود إنارة مطفأ,ISS-008,عمود إنارة مطفأ,Lighting Pole Off,إنارة,Lighting,الإنارة,Lighting,official
النظافة حاوية ممتلئة,ISS-009,حاوية ممتلئة,Full Container,النظافة,Cleaning,النظافة,Cleaning,official
القطاعات و البلديات ملاحظات منشأه صحية,ISS-010,ملاحظات منشأه صحية,Health Facility Observations,القطاعات و البلديات,Sectors and Municipalities,الرقابة والامتثال البلدي,Municipal Inspection & Compliance,official
القطاعات و البلديات أعمال بناء أو هدم أو حفر خارج الوقت المسموح,ISS-011,أعمال بناء أو هدم أو حفر خارج الوقت المسموح,"Construction, Demolition or Excavation Outside Permitted Hours",القطاعات و البلديات,Sectors and Municipalities,الرقابة والامتثال البلدي,Municipal Inspection & Compliance,project
رقابة الخدمات وجود باعه متجولين,ISS-012,وجود باعه متجولين (رقابة الخدمات),Presence of Street Vendors (Services Control),رقابة الخدمات,Services Control,الرقابة والامتثال البلدي,Municipal Inspection & Compliance,official
النظافة إزالة مخلفات هدميات,ISS-013,إزالة مخلفات هدميات,Removal of Demolition Debris,النظافة,Cleaning,النظافة,Cleaning,official
سيول و أمطار تجمع مياه أمطار,ISS-014,تجمع مياه أمطار,Rainwater Accumulation,سيول و أمطار,Floods and Rain,السيول وتصريف الأمطار,Floods & Drainage,official
النظافة مخلفات داخل طريق,ISS-015,مخلفات داخل طريق,Waste on Road,النظافة,Cleaning,النظافة,Cleaning,official
النظافة ملاحظات علي حاوية تجارية,ISS-016,ملاحظات علي حاوية تجارية,Commercial Container Observations,النظافة,Cleaning,النظافة,Cleaning,official
النظافة عدم وجود حاوية أو برميل,ISS-017,عدم وجود حاوية أو برميل,No Container or Bin Available,النظافة,Cleaning,النظافة,Cleaning,official
النظافة إزالة مخلفات بارض فضاء غير هدميات,ISS-018,إزالة مخلفات بارض فضاء غير هدميات,Waste Removal from Vacant Land (Non-Demolition),النظافة,Cleaning,النظافة,Cleaning,project
النظافة إزالة مخلفات بارض فضاءغير هدميات,ISS-018,إزالة مخلفات بارض فضاء غير هدميات,Waste Removal from Vacant Land (Non-Demolition),النظافة,Cleaning,النظافة,Cleaning,project
القطاعات و البلديات وجود باعه متجولين,ISS-019,وجود باعه متجولين (القطاعات و البلديات),Presence of Street Vendors (Sectors and Municipalities),القطاعات و البلديات,Sectors and Municipalities,الرقابة والامتثال البلدي,Municipal Inspection & Compliance,official
القطاعات و البلديات خزان ارضي -بيارة بدون غطاء منهول مكشوف,ISS-020,خزان ارضي - بيارة بدون غطاء منهول مكشوف,Uncovered Underground Tank / Septic Pit (Exposed Manhole),القطاعات و البلديات,Sectors and Municipalities,الرقابة والامتثال البلدي,Municipal Inspection & Compliance,project
القطاعات و البلديات خزان ارضي بيارة بدون غطاء منهول مكشوف,ISS-020,خزان ارضي - بيارة بدون غطاء منهول مكشوف,Uncovered Underground Tank / Septic Pit (Exposed Manhole),القطاعات و البلديات,Sectors and Municipalities,الرقابة والامتثال البلدي,Municipal Inspection & Compliance,project
طرق ملاحظات أرصفة ولوحات فى الطريق,ISS-021,ملاحظات أرصفة ولوحات فى الطريق,Sidewalks and Road Signs,طرق,Roads,الطرق والأرصفة,Roads & Sidewalks,project
القطاعات و البلديات حجز مواقف,ISS-022,حجز مواقف,Parking Reservation,القطاعات و البلديات,Sectors and Municipalities,الرقابة والامتثال البلدي,Municipal Inspection & Compliance,official
القطاعات و البلديات تعدى على رصيف,ISS-023,تعدى على رصيف,Encroachment on Sidewalk,القطاعات و البلديات,Sectors and Municipalities,الرقابة والامتثال البلدي,Municipal Inspection & Compliance,official
النظافة سيارات معدات مهملة أو تالفة,ISS-024,سيارات معدات مهملة أو تالفة,Abandoned or Damaged Vehicles / Equipment,النظافة,Cleaning,النظافة,Cleaning,official
القطاعات و البلديات وقوف فود ترك بمواقع غير مصرح بها,ISS-025,وقوف فود ترك بمواقع غير مصرح بها,Food Truck Parking in Unauthorized Locations,القطاعات و البلديات,Sectors and Municipalities,الرقابة والامتثال البلدي,Municipal Inspection & Compliance,official
النظافة شكاوى على عمال النظافة,ISS-026,شكاوى على عمال النظافة,Complaints About Cleaning Workers,النظافة,Cleaning,النظافة,Cleaning,official
القطاعات و البلديات مواد بناء فى موقع مخالف,ISS-027,مواد بناء فى موقع مخالف,Building Materials at Unauthorized Site,القطاعات و البلديات,Sectors and Municipalities,الرقابة والامتثال البلدي,Municipal Inspection & Compliance,official
القطاعات و البلديات تعدى بوضع مظلة سيارات,ISS-028,تعدى بوضع مظلة سيارات,Encroachment by Placing Car Shade,القطاعات و البلديات,Sectors and Municipalities,الرقابة والامتثال البلدي,Municipal Inspection & Compliance,official
الحدائق اشجار بحاجه الى تقليم,ISS-029,اشجار بحاجه الى تقليم (الحدائق),Trees Need Pruning (Parks),الحدائق,Parks,الحدائق والمرافق العامة,Parks & Public Spaces,official
القطاعات و البلديات سقوط ساتر أو مظلة أو مبني تحت الانشاء بدون وسائل سلامه,ISS-030,سقوط ساتر أو مظلة أو مبني تحت الانشاء بدون وسائل سلامه,"Fallen Screen, Canopy or Building Under Construction Without Safety Measures",القطاعات و البلديات,Sectors and Municipalities,الرقابة والامتثال البلدي,Municipal Inspection & Compliance,project
القطاعات و البلديات سقوط ساتر أو مظلة مبني تحت الانشاء بدون وسائل سلامه,ISS-030,سقوط ساتر أو مظلة أو مبني تحت الانشاء بدون وسائل سلامه,"Fallen Screen, Canopy or Building Under Construction Without Safety Measures",القطاعات و البلديات,Sectors and Municipalities,الرقابة والامتثال البلدي,Municipal Inspection & Compliance,project
القطاعات و البلديات تعدى بوضع أشجار,ISS-031,تعدى بوضع أشجار,Encroachment by Placing Trees,القطاعات و البلديات,Sectors and Municipalities,الرقابة والامتثال البلدي,Municipal Inspection & Compliance,official
القطاعات و البلديات تقسيم المبنى إلى وحدات مخالفة لرخصة البناء,ISS-032,تقسيم المبنى إلى وحدات مخالفة لرخصة البناء,Dividing Building into Units Contrary to Permit,القطاعات و البلديات,Sectors and Municipalities,الرقابة والامتثال البلدي,Municipal Inspection & Compliance,project
الحدائق ملاحظات أخرى على الحدائق,ISS-033,ملاحظات أخرى على الحدائق (الحدائق),Other Park Observations (Parks),الحدائق,Parks,الحدائق والمرافق العامة,Parks & Public Spaces,official
طرق ملاحظات مطبات فى الطريق,ISS-034,ملاحظات مطبات فى الطريق,Road Speed Bumps,طرق,Roads,الطرق والأرصفة,Roads & Sidewalks,project
إنارة إنارة غير منتظمة,ISS-035,إنارة غير منتظمة,Irregular Lighting,إنارة,Lighting,الإنارة,Lighting,official
الحدائق تدني نظافة مرفق حدائق,ISS-036,تدني نظافة مرفق حدائق (الحدائق),Poor Cleanliness of Park Facility (Parks),الحدائق,Parks,الحدائق والمرافق العامة,Parks & Public Spaces,official
القطاعات و البلديات محل غير نظامي,ISS-037,محل غير نظامي,Unauthorized Shop,القطاعات و البلديات,Sectors and Municipalities,الرقابة والامتثال البلدي,Municipal Inspection & Compliance,official
سيول و أمطار بروز أو هبوط غرفة سيول,ISS-038,بروز أو هبوط غرفة سيول (سيول و أمطار),Protruding or Sunken Flood Drainage Chamber (Floods and Rain),سيول و أمطار,Floods and Rain,السيول وتصريف الأمطار,Floods & Drainage,official
مشروع المواقف العامة مشكلة تقنية في رفع طلب تصريح سكني,ISS-039,مشكلة تقنية في رفع طلب تصريح سكني,Residential Permit Request Technical Problem,مشروع المواقف العامة,Public Parking Project,المواقف العامة,Public Parking,project
الحدائق إنارة مرفق حدائق مطفأة,ISS-040,إنارة مرفق حدائق مطفأة (الحدائق),Park Facility Lighting Off (Parks),الحدائق,Parks,الحدائق والمرافق العامة,Parks & Public Spaces,official
سيول و أمطار غرفة سيول بدون غطاء,ISS-041,غرفة سيول بدون غطاء (سيول و أمطار),Flood Drainage Chamber Without Cover (Floods and Rain),سيول و أمطار,Floods and Rain,السيول وتصريف الأمطار,Floods & Drainage,official
الحدائق تدني نظافة دورات مياه بمرفق حدائق,ISS-042,تدني نظافة دورات مياه بمرفق حدائق,Poor Cleanliness of Restrooms in Park Facility (Parks),الحدائق,Parks,الحدائق والمرافق العامة,Parks & Public Spaces,official
إنارة ملاحظات أخرى عن الإنارة,ISS-043,ملاحظات أخرى عن الإنارة,Other Lighting Observations,إنارة,Lighting,الإنارة,Lighting,official
النظافة حاوية تالفة,ISS-044,حاوية تالفة,Damaged Container,النظافة,Cleaning,النظافة,Cleaning,official
القطاعات و البلديات الغبار الناجم عن أعمال التشييد و البناء,ISS-045,الغبار الناجم عن أعمال التشييد و البناء,Dust from Construction Works,القطاعات و البلديات,Sectors and Municipalities,الرقابة والامتثال البلدي,Municipal Inspection & Compliance,project
مشروع المواقف العامة مشاكل تقنية غير مصنفة,ISS-046,مشاكل تقنية غير مصنفة,Unclassified Technical Problems,مشروع المواقف العامة,Public Parking Project,المواقف العامة,Public Parking,official
النظافة حيوانات نافقة,ISS-047,حيوانات نافقة,Dead Animals,النظافة,Cleaning,النظافة,Cleaning,official
مشروع المواقف العامة مشكله في دفع أو تمديد لموقف عبر التطبيق أو الموقع الالكتروني,ISS-048,مشكله في دفع أو تمديد لموقف عبر التطبيق أو الموقع الالكتروني,Problem Paying or Extending Parking via App or Website,مشروع المواقف العامة,Public Parking Project,المواقف العامة,Public Parking,project
مشروع المواقف العامة مشكله في دفع أو تمديد لموقف عبر التطبيق الموقع الالكتروني,ISS-048,مشكله في دفع أو تمديد لموقف عبر التطبيق أو الموقع الالكتروني,Problem Paying or Extending Parking via App or Website,مشروع المواقف العامة,Public Parking Project,المواقف العامة,Public Parking,project
القطاعات و البلديات هبوط داخل ارتداد ملكية خاصة,ISS-049,هبوط داخل ارتداد ملكية خاصة,Subsidence Within Private Property Setback,القطاعات و البلديات,Sectors and Municipalities,الرقابة والامتثال البلدي,Municipal Inspection & Compliance,project
الصحة العامة حادثة اشتباه تسمم غذائي,ISS-050,حادثة اشتباه تسمم غذائي,Suspected Food Poisoning Incident,الصحة العامة,Public Health,الصحة العامة,Public Health,official
النظافة حاوية بمكان غير مناسب,ISS-051,حاوية بمكان غير مناسب,Container in Inappropriate Location,النظافة,Cleaning,النظافة,Cleaning,official
القطاعات و البلديات مخالفات إشتراطات السكن الجماعي للأفراد,ISS-052,مخالفات إشتراطات السكن الجماعي للأفراد,Violations of Group Housing Requirements,القطاعات و البلديات,Sectors and Municipalities,الرقابة والامتثال البلدي,Municipal Inspection & Compliance,project
الحدائق أشجار بحاجة إلى ري,ISS-053,أشجار بحاجة إلى ري,Trees Need Irrigation,الحدائق,Parks,الحدائق والمرافق العامة,Parks & Public Spaces,official
الحدائق ملاحظات على ألعاب الأطفال,ISS-054,ملاحظات على ألعاب الأطفال (الحدائق),Children's Playground Observations (Parks),الحدائق,Parks,الحدائق والمرافق العامة,Parks & Public Spaces,official
الحدائق باعة جائلين بمرفق حدائق,ISS-055,باعة جائلين بمرفق حدائق,Street Vendors in Park Facility,الحدائق,Parks,الحدائق والمرافق العامة,Parks & Public Spaces,official
إنارة إلتماس أو شرار بالإنارة,ISS-056,إلتماس أو شرار بالإنارة,Electrical Short or Sparks in Lighting,إنارة,Lighting,الإنارة,Lighting,official
القطاعات و البلديات مبنى متضرر,ISS-057,مبنى متضرر,Damaged Building,القطاعات و البلديات,Sectors and Municipalities,الرقابة والامتثال البلدي,Municipal Inspection & Compliance,official
القطاعات و البلديات تفريغ بغرفة سيول أو بأرض فضاء,ISS-058,تفريغ بغرفة سيول أو بأرض فضاء,Discharge into Flood Chamber or Vacant Land,القطاعات و البلديات,Sectors and Municipalities,الرقابة والامتثال البلدي,Municipal Inspection & Compliance,project
الحدائق تأجير ألعاب داخل حديقة,ISS-059,تأجير ألعاب داخل حديقة,Renting Games Inside Park,الحدائق,Parks,الحدائق والمرافق العامة,Parks & Public Spaces,official
حفر وهبوطات على مسار الخدمة - الجهات الخدمية هبوط مسار خدمة,ISS-060,هبوط مسار خدمة,Service Route Subsidence,حفر وهبوطات على مسار الخدمة - الجهات الخدمية,Excavations and Subsidence on Service Route - Utility Authorities,أعمال الجهات الخدمية والحفريات,Utility Works & Excavations,project
حفر وهبوطات على مسار الخدمة الجهات الخدمية هبوط مسار خدمة,ISS-060,هبوط مسار خدمة,Service Route Subsidence,حفر وهبوطات على مسار الخدمة - الجهات الخدمية,Excavations and Subsidence on Service Route - Utility Authorities,أعمال الجهات الخدمية والحفريات,Utility Works & Excavations,project
القطاعات و البلديات تدني مستوى نظافة دورات المياه في محطات الوقود,ISS-061,تدني مستوى نظافة دورات المياه في محطات الوقود,Poor Restroom Cleanliness at Fuel Stations,القطاعات و البلديات,Sectors and Municipalities,الرقابة والامتثال البلدي,Municipal Inspection & Compliance,project
النظافة مخلفات نظافة,ISS-062,مخلفات نظافة,Cleaning Waste,النظافة,Cleaning,النظافة,Cleaning,official
إنارة كيبل مكشوف,ISS-063,كيبل مكشوف,Exposed Cable,إنارة,Lighting,الإنارة,Lighting,official
النظافة زيوت في الطريق,ISS-064,زيوت في الطريق,Oil on Road,النظافة,Cleaning,النظافة,Cleaning,official
النظافة تجمع مياه بأرض فضاء,ISS-065,تجمع مياه بأرض فضاء,Water Accumulation in Vacant Land,النظافة,Cleaning,النظافة,Cleaning,official
النظافة بقايا حادث مروري,ISS-066,بقايا حادث مروري,Traffic Accident Debris,النظافة,Cleaning,النظافة,Cleaning,official
سيول و أمطار عطل مصيدة سيول,ISS-067,عطل مصيدة سيول,Flood Inlet Fault,سيول و أمطار,Floods and Rain,السيول وتصريف الأمطار,Floods & Drainage,official
الحدائق تسرب مياه ري,ISS-068,تسرب مياه ري (الحدائق),Irrigation Water Leakage (Parks),الحدائق,Parks,الحدائق والمرافق العامة,Parks & Public Spaces,official
إنارة عمود آيل للسقوط,ISS-069,عمود آيل للسقوط,Pole at Risk of Falling,إنارة,Lighting,الإنارة,Lighting,official
الحدائق تلف احواض,ISS-070,تلف احواض (الحدائق),Damaged Basins (Parks),الحدائق,Parks,الحدائق والمرافق العامة,Parks & Public Spaces,official
طرق بروز سياج أو حاجز فى الطريق,ISS-071,بروز سياج أو حاجز فى الطريق,Protruding Fence or Barrier on Road,طرق,Roads,الطرق والأرصفة,Roads & Sidewalks,official
القطاعات و البلديات بركسات مهملة رصيف / أرض فضاء,ISS-072,بركسات مهملة رصيف / أرض فضاء,Abandoned Portacabins on Sidewalk / Vacant Land,القطاعات و البلديات,Sectors and Municipalities,الرقابة والامتثال البلدي,Municipal Inspection & Compliance,official
القطاعات و البلديات بركسات مهملة رصيف أرض فضاء,ISS-072,بركسات مهملة رصيف / أرض فضاء,Abandoned Portacabins on Sidewalk / Vacant Land,القطاعات و البلديات,Sectors and Municipalities,الرقابة والامتثال البلدي,Municipal Inspection & Compliance,official
القطاعات و البلديات مخيمات أرض فضاء,ISS-073,مخيمات أرض فضاء,Camps on Vacant Land,القطاعات و البلديات,Sectors and Municipalities,الرقابة والامتثال البلدي,Municipal Inspection & Compliance,official
الحدائق ملاحظات على الملاعب,ISS-074,ملاحظات على الملاعب,Playground / Field Observations,الحدائق,Parks,الحدائق والمرافق العامة,Parks & Public Spaces,official
سيول و أمطار ملاحظات أخرى على السيول,ISS-075,ملاحظات أخرى على السيول,Other Flood Observations,سيول و أمطار,Floods and Rain,السيول وتصريف الأمطار,Floods & Drainage,official
إنارة عمود بدون غطاء,ISS-076,عمود بدون غطاء,Pole Without Cover,إنارة,Lighting,الإنارة,Lighting,official
الحدائق إساءة استخدام مرفق حدائق,ISS-077,إساءة استخدام مرفق حدائق,Misuse of Park Facility (Parks),الحدائق,Parks,الحدائق والمرافق العامة,Parks & Public Spaces,official
الحدائق شجرة ايله للسقوط,ISS-078,شجرة ايله للسقوط,Tree at Risk of Falling (Parks),الحدائق,Parks,الحدائق والمرافق العامة,Parks & Public Spaces,official
القطاعات و البلديات بيع دخان بالحبه,ISS-079,بيع دخان بالحبه,Selling Single Cigarettes,القطاعات و البلديات,Sectors and Municipalities,الرقابة والامتثال البلدي,Municipal Inspection & Compliance,official
طرق صبات بحاجة الى إزالة,ISS-080,صبات بحاجة الى إزالة,Concrete Blocks Need Removal,طرق,Roads,الطرق والأرصفة,Roads & Sidewalks,official
إنارة عمود ساقط,ISS-081,عمود ساقط,Fallen Pole,إنارة,Lighting,الإنارة,Lighting,official
القطاعات و البلديات اقفال طريق,ISS-082,اقفال طريق,Road Closure,القطاعات و البلديات,Sectors and Municipalities,الرقابة والامتثال البلدي,Municipal Inspection & Compliance,official
طرق مخلفات اسفلت,ISS-083,مخلفات اسفلت,Asphalt Waste,طرق,Roads,الطرق والأرصفة,Roads & Sidewalks,official
النظافة شجرة ساقطة,ISS-084,شجرة ساقطة,Fallen Tree,النظافة,Cleaning,النظافة,Cleaning,official
مشروع المواقف العامة ملاحظات على مرافق المواقف العامة,ISS-085,ملاحظات على مرافق المواقف العامة,Public Parking Facility Observations,مشروع المواقف العامة,Public Parking Project,المواقف العامة,Public Parking,project
الحدائق انكسار خط ري,ISS-086,انكسار خط ري (الحدائق),Broken Irrigation Line (Parks),الحدائق,Parks,الحدائق والمرافق العامة,Parks & Public Spaces,official
القطاعات و البلديات تجمع مياه,ISS-087,تجمع مياه (القطاعات و البلديات),Water Accumulation (Sectors and Municipalities),القطاعات و البلديات,Sectors and Municipalities,الرقابة والامتثال البلدي,Municipal Inspection & Compliance,official
صيانة المحاور و الجسور والأنفاق ملاحظات جسور وأنفاق,ISS-088,ملاحظات جسور وأنفاق,Bridge and Tunnel Observations,صيانة المحاور و الجسور والأنفاق,"Axis, Bridges and Tunnels Maintenance",الجسور والأنفاق,Bridges & Tunnels,official
القطاعات و البلديات تدني مستوى نظافة محطات الوقود,ISS-089,تدني مستوى نظافة محطات الوقود,Poor Cleanliness of Fuel Stations,القطاعات و البلديات,Sectors and Municipalities,الرقابة والامتثال البلدي,Municipal Inspection & Compliance,official
الحدائق تعدي على مرفق حدائق,ISS-090,تعدي على مرفق حدائق (الحدائق),Encroachment on Park Facility (Parks),الحدائق,Parks,الحدائق والمرافق العامة,Parks & Public Spaces,official
مشروع المواقف العامة التعدى على المواقف العامة أو الوقوف بشكل خاطئ,ISS-091,التعدى على المواقف العامة أو الوقوف بشكل خاطئ,Encroachment on Public Parking or Incorrect Parking,مشروع المواقف العامة,Public Parking Project,المواقف العامة,Public Parking,official
القطاعات و البلديات ذبح غير نظامي للمواشى في الشارع أو خارج منشأه,ISS-092,ذبح غير نظامي للمواشى في الشارع أو خارج منشأه (القطاعات و البلديات),Unauthorized Livestock Slaughter in the Street (Sectors and Municipalities),القطاعات و البلديات,Sectors and Municipalities,الرقابة والامتثال البلدي,Municipal Inspection & Compliance,project
التسمية و الترقيم لوحة إرشادية -متضررة,ISS-093,لوحة إرشادية - متضررة,Damaged Guide Sign,التسمية و الترقيم,Naming and Numbering,خدمات بلدية أخرى,Other Municipal Services,official
التسمية و الترقيم لوحة إرشادية متضررة,ISS-093,لوحة إرشادية - متضررة,Damaged Guide Sign,التسمية و الترقيم,Naming and Numbering,خدمات بلدية أخرى,Other Municipal Services,official
القطاعات و البلديات عدم توفر الخدمات الأساسية في محطات الوقود,ISS-094,عدم توفر الخدمات الأساسية في محطات الوقود,Lack of Basic Services at Fuel Stations,القطاعات و البلديات,Sectors and Municipalities,الرقابة والامتثال البلدي,Municipal Inspection & Compliance,project
القطاعات و البلديات بيع دخان للأطفال,ISS-095,بيع دخان للأطفال,Selling Cigarettes to Children,القطاعات و البلديات,Sectors and Municipalities,الرقابة والامتثال البلدي,Municipal Inspection & Compliance,official
التنفيذ والاشراف - طرق اخرى ـ تنفيذ وإشراف طرق-عادي,ISS-096,طرق اخرى - تنفيذ وإشراف طرق - عادي,Roads - Other (Normal),التنفيذ والاشراف,Execution and Supervision,الطرق والأرصفة,Roads & Sidewalks,project
التنفيذ والاشراف طرق اخرى ـ تنفيذ وإشراف طرق عادي,ISS-096,طرق اخرى - تنفيذ وإشراف طرق - عادي,Roads - Other (Normal),التنفيذ والاشراف,Execution and Supervision,الطرق والأرصفة,Roads & Sidewalks,project
إنارة إنارة ضعيفة,ISS-097,إنارة ضعيفة,Weak Lighting,إنارة,Lighting,الإنارة,Lighting,official
الإدارة العامة لتنفيذ السيول بروز أو هبوط غرفة سيول,ISS-098,بروز أو هبوط غرفة سيول (الإدارة العامة لتنفيذ السيول),Protruding or Sunken Flood Drainage Chamber (General Department for Flood Implementation),الإدارة العامة لتنفيذ السيول,General Department for Flood Implementation,السيول وتصريف الأمطار,Floods & Drainage,official
القطاعات و البلديات الوحدة النسائية - ملاحظات على المنشأه,ISS-099,الوحدة النسائية - ملاحظات على المنشأه,Women's Unit - Facility Observations,القطاعات و البلديات,Sectors and Municipalities,الرقابة والامتثال البلدي,Municipal Inspection & Compliance,official
القطاعات و البلديات الوحدة النسائية ملاحظات على المنشأه,ISS-099,الوحدة النسائية - ملاحظات على المنشأه,Women's Unit - Facility Observations,القطاعات و البلديات,Sectors and Municipalities,الرقابة والامتثال البلدي,Municipal Inspection & Compliance,official
غرف التفتيش الجهات الخدمية تجمع مياه,ISS-100,تجمع مياه (غرف التفتيش - الجهات الخدمية),Water Accumulation (Inspection Chambers - Utility Authorities),غرف التفتيش - الجهات الخدمية,Inspection Chambers - Utility Authorities,أعمال الجهات الخدمية والحفريات,Utility Works & Excavations,official
غرف التفتيش-الجهات الخدمية تجمع مياه,ISS-100,تجمع مياه (غرف التفتيش - الجهات الخدمية),Water Accumulation (Inspection Chambers - Utility Authorities),غرف التفتيش - الجهات الخدمية,Inspection Chambers - Utility Authorities,أعمال الجهات الخدمية والحفريات,Utility Works & Excavations,official
تنمية الإستثمارات ملاحظات برج اتصالات,ISS-101,ملاحظات برج اتصالات,Telecommunication Tower Observations,تنمية الإستثمارات,Investment Development,الاستثمار واللوحات الإعلانية,Investment & Advertising,official
مشروع المواقف العامة تم السداد لموقف ولم يتم إتمام الحجز,ISS-102,تم السداد لموقف ولم يتم إتمام الحجز,Payment Made but Booking Not Completed,مشروع المواقف العامة,Public Parking Project,المواقف العامة,Public Parking,project
طرق صبات في وسط الطريق,ISS-103,صبات في وسط الطريق,Concrete Blocks in Middle of Road,طرق,Roads,الطرق والأرصفة,Roads & Sidewalks,official
النظافة ملاحظات مكب نفايات,ISS-104,ملاحظات مكب نفايات,Waste Dump Observations,النظافة,Cleaning,النظافة,Cleaning,official
حفر وهبوطات على مسار الخدمة - الجهات الخدمية هبوط مسار خدمة خطير,ISS-105,هبوط مسار خدمة خطير,Dangerous Service Route Subsidence,حفر وهبوطات على مسار الخدمة - الجهات الخدمية,Excavations and Subsidence on Service Route - Utility Authorities,أعمال الجهات الخدمية والحفريات,Utility Works & Excavations,project
حفر وهبوطات على مسار الخدمة الجهات الخدمية هبوط مسار خدمة خطير,ISS-105,هبوط مسار خدمة خطير,Dangerous Service Route Subsidence,حفر وهبوطات على مسار الخدمة - الجهات الخدمية,Excavations and Subsidence on Service Route - Utility Authorities,أعمال الجهات الخدمية والحفريات,Utility Works & Excavations,project
تنمية الإستثمارات اخرى تنمية الاستثمارات عادي,ISS-106,اخرى - تنمية الاستثمارات - عادي,Other (Normal),تنمية الإستثمارات,Investment Development,الاستثمار واللوحات الإعلانية,Investment & Advertising,project
تنمية الإستثمارات اخرى-تنمية الاستثمارات-عادي,ISS-106,اخرى - تنمية الاستثمارات - عادي,Other (Normal),تنمية الإستثمارات,Investment Development,الاستثمار واللوحات الإعلانية,Investment & Advertising,project
حفر وهبوطات على مسار الخدمة - الجهات الخدمية حفر وتشققات,ISS-107,حفر وتشققات,Excavations and Cracks,حفر وهبوطات على مسار الخدمة - الجهات الخدمية,Excavations and Subsidence on Service Route - Utility Authorities,أعمال الجهات الخدمية والحفريات,Utility Works & Excavations,project
حفر وهبوطات على مسار الخدمة الجهات الخدمية حفر وتشققات,ISS-107,حفر وتشققات,Excavations and Cracks,حفر وهبوطات على مسار الخدمة - الجهات الخدمية,Excavations and Subsidence on Service Route - Utility Authorities,أعمال الجهات الخدمية والحفريات,Utility Works & Excavations,project
إنارة فانوس ساقط او مفقود,ISS-108,فانوس ساقط او مفقود,Fallen or Missing Lantern,إنارة,Lighting,الإنارة,Lighting,official
مشروع المواقف العامة اخرى المواقف العامة,ISS-109,اخرى - المواقف العامة,Other Parking Issues,مشروع المواقف العامة,Public Parking Project,المواقف العامة,Public Parking,project
مشروع المواقف العامة اخرى-المواقف العامة,ISS-109,اخرى - المواقف العامة,Other Parking Issues,مشروع المواقف العامة,Public Parking Project,المواقف العامة,Public Parking,project
التنفيذ والاشراف إنارة عمود إنارة مطفأ,ISS-110,إنارة عمود إنارة مطفأ,Lighting - Lighting Pole Off,التنفيذ والاشراف,Execution and Supervision,الإنارة,Lighting,official
مشروع المواقف العامة عطل أو ضرر في أجهزة الدفع,ISS-111,عطل أو ضرر في أجهزة الدفع,Payment Device Fault or Damage,مشروع المواقف العامة,Public Parking Project,المواقف العامة,Public Parking,project
سيول و أمطار تكسر غطاء مصيدة سيول,ISS-112,تكسر غطاء مصيدة سيول,Broken Flood Inlet Cover,سيول و أمطار,Floods and Rain,السيول وتصريف الأمطار,Floods & Drainage,official
رقابة الخدمات طلب دورية الأمانة,ISS-113,طلب دورية الأمانة,Request for Municipality Patrol,رقابة الخدمات,Services Control,الرقابة والامتثال البلدي,Municipal Inspection & Compliance,official
الحدائق عناصر إنارة مكشوفة بمرفق حدائق,ISS-114,عناصر إنارة مكشوفة بمرفق حدائق,Exposed Lighting Elements in Park Facility,الحدائق,Parks,الحدائق والمرافق العامة,Parks & Public Spaces,official
النظافة ملاحظات علي معدات النظافه,ISS-115,ملاحظات علي معدات النظافه,Cleaning Equipment Observations,النظافة,Cleaning,النظافة,Cleaning,official
إنارة منهول عمود إنارة بدون غطاء,ISS-116,منهول عمود إنارة بدون غطاء,Lighting Pole Manhole Without Cover,إنارة,Lighting,الإنارة,Lighting,official
إنارة قاعدة بدون عمود,ISS-117,قاعدة بدون عمود,Base Without Pole,إنارة,Lighting,الإنارة,Lighting,official
الإدارة العامة لتنفيذ السيول ملاحظات حفريات سيول,ISS-118,ملاحظات حفريات سيول,Flood Excavation Observations,الإدارة العامة لتنفيذ السيول,General Department for Flood Implementation,السيول وتصريف الأمطار,Floods & Drainage,official
الحدائق غطاء خزان أو غرفة تصريف مكشوفه,ISS-119,غطاء خزان أو غرفة تصريف مكشوفه,Exposed Tank or Drainage Chamber Cover,الحدائق,Parks,الحدائق والمرافق العامة,Parks & Public Spaces,official
إنارة محطة مفتوحة,ISS-120,محطة مفتوحة,Open Lighting Station,إنارة,Lighting,الإنارة,Lighting,project
القطاعات و البلديات بيع أو تقديم منتجات التبغ في مكان غير مصرح بها,ISS-121,بيع أو تقديم منتجات التبغ في مكان غير مصرح بها,Selling Tobacco in Unauthorized Place,القطاعات و البلديات,Sectors and Municipalities,الرقابة والامتثال البلدي,Municipal Inspection & Compliance,project
التنفيذ والاشراف إنارة إنارة مطفأة,ISS-122,إنارة إنارة مطفأة,Lighting - Lighting Off,التنفيذ والاشراف,Execution and Supervision,الإنارة,Lighting,official
التسمية و الترقيم عدم إنارة اللوحة الإرشادية,ISS-123,عدم إنارة اللوحة الإرشادية,Guide Sign Not Illuminated,التسمية و الترقيم,Naming and Numbering,خدمات بلدية أخرى,Other Municipal Services,official
القطاعات و البلديات عدم صيانة الطرق و المواقف و الأرصفة في محطات الوقود,ISS-124,عدم صيانة الطرق و المواقف و الأرصفة في محطات الوقود,"Poor Maintenance of Roads, Parking and Sidewalks at Fuel Stations",القطاعات و البلديات,Sectors and Municipalities,الرقابة والامتثال البلدي,Municipal Inspection & Compliance,project
النظافة مخلفات حريق,ISS-125,مخلفات حريق,Fire Debris,النظافة,Cleaning,النظافة,Cleaning,official
القطاعات و البلديات كسارة فى موقع مخالف,ISS-126,كسارة فى موقع مخالف,Crusher at Unauthorized Location,القطاعات و البلديات,Sectors and Municipalities,الرقابة والامتثال البلدي,Municipal Inspection & Compliance,project
الحدائق تجمع مياه بمرفق حدائق,ISS-127,تجمع مياه بمرفق حدائق,Water Accumulation in Park Facility,الحدائق,Parks,الحدائق والمرافق العامة,Parks & Public Spaces,official
الصحة العامة ملاحظات فى المقابر,ISS-128,ملاحظات فى المقابر,Cemetery Observations,الصحة العامة,Public Health,الصحة العامة,Public Health,official
القطاعات و البلديات عدم وجود منزلقات لذوي الإعاقة,ISS-129,عدم وجود منزلقات لذوي الإعاقة (القطاعات و البلديات),No Ramps for Persons with Disabilities (Sectors and Municipalities),القطاعات و البلديات,Sectors and Municipalities,الرقابة والامتثال البلدي,Municipal Inspection & Compliance,official
القطاعات و البلديات الوحدة النسائية - تدني مستوى النظافة أو وجود حشرات,ISS-130,الوحدة النسائية - تدني مستوى النظافة أو وجود حشرات,Women's Unit - Poor Cleanliness or Insects,القطاعات و البلديات,Sectors and Municipalities,الرقابة والامتثال البلدي,Municipal Inspection & Compliance,project
القطاعات و البلديات الوحدة النسائية تدني مستوى النظافة أو وجود حشرات,ISS-130,الوحدة النسائية - تدني مستوى النظافة أو وجود حشرات,Women's Unit - Poor Cleanliness or Insects,القطاعات و البلديات,Sectors and Municipalities,الرقابة والامتثال البلدي,Municipal Inspection & Compliance,project
رقابة الخدمات ذبح غير نظامي للمواشى في الشارع أو خارج منشأه,ISS-131,ذبح غير نظامي للمواشى في الشارع أو خارج منشأه (رقابة الخدمات),Unauthorized Livestock Slaughter in the Street (Services Control),رقابة الخدمات,Services Control,الرقابة والامتثال البلدي,Municipal Inspection & Compliance,project
إنارة تعدي على شبكة الإنارة,ISS-132,تعدي على شبكة الإنارة,Encroachment on Lighting Network,إنارة,Lighting,الإنارة,Lighting,official
طرق عدم اعادة عناصر الطريق,ISS-133,عدم اعادة عناصر الطريق,Road Elements Not Reinstated,طرق,Roads,الطرق والأرصفة,Roads & Sidewalks,official
إنارة عمود مصدوم,ISS-134,عمود مصدوم,Hit Pole,إنارة,Lighting,الإنارة,Lighting,official
التنفيذ والاشراف - طرق ملاحظات على الأرصفة,ISS-135,طرق ملاحظات على الأرصفة,Roads - Sidewalk Observations,التنفيذ والاشراف,Execution and Supervision,الطرق والأرصفة,Roads & Sidewalks,official
التنفيذ والاشراف طرق ملاحظات على الأرصفة,ISS-135,طرق ملاحظات على الأرصفة,Roads - Sidewalk Observations,التنفيذ والاشراف,Execution and Supervision,الطرق والأرصفة,Roads & Sidewalks,official
مشروع المواقف العامة مشكلة في تسجيل الدخول,ISS-136,مشكلة في تسجيل الدخول,Login Problem,مشروع المواقف العامة,Public Parking Project,المواقف العامة,Public Parking,official
إنارة قطع كيبل,ISS-137,قطع كيبل,Cable Cut,إنارة,Lighting,الإنارة,Lighting,official
الحدائق ملاحظات أخرى,ISS-138,ملاحظات أخرى,Other Observations,الحدائق,Parks,الحدائق والمرافق العامة,Parks & Public Spaces,official
القطاعات و البلديات عدم وجود أجهزة مجانية هواء في محطات الوقود,ISS-139,عدم وجود أجهزة مجانية هواء في محطات الوقود,No Free Air Devices at Fuel Stations,القطاعات و البلديات,Sectors and Municipalities,الرقابة والامتثال البلدي,Municipal Inspection & Compliance,project
الإدارة العامة لتنفيذ السيول غرفة سيول بدون غطاء,ISS-140,غرفة سيول بدون غطاء (الإدارة العامة لتنفيذ السيول),Flood Drainage Chamber Without Cover (General Department for Flood Implementation),الإدارة العامة لتنفيذ السيول,General Department for Flood Implementation,السيول وتصريف الأمطار,Floods & Drainage,official
الصحة العامة مخالفات محلات المساج,ISS-141,مخالفات محلات المساج,Massage Shop Violations,الصحة العامة,Public Health,الصحة العامة,Public Health,official
تنمية الإستثمارات عدم إنارة اللوحة الاعلانيه,ISS-142,عدم إنارة اللوحة الاعلانيه,Advertising Sign Not Illuminated,تنمية الإستثمارات,Investment Development,الاستثمار واللوحات الإعلانية,Investment & Advertising,official
طرق صبات في ارض فضاء,ISS-143,صبات في ارض فضاء,Concrete Blocks in Vacant Land,طرق,Roads,الطرق والأرصفة,Roads & Sidewalks,official
تنمية الإستثمارات لوحة اعلانيه متضررة,ISS-144,لوحة اعلانيه - متضررة,Damaged Advertising Sign,تنمية الإستثمارات,Investment Development,الاستثمار واللوحات الإعلانية,Investment & Advertising,official
تنمية الإستثمارات لوحة اعلانيه-متضررة,ISS-144,لوحة اعلانيه - متضررة,Damaged Advertising Sign,تنمية الإستثمارات,Investment Development,الاستثمار واللوحات الإعلانية,Investment & Advertising,official
إنارة بروز قاعدة عمود إناره,ISS-145,بروز قاعدة عمود إناره,Protruding Lighting Pole Base,إنارة,Lighting,الإنارة,Lighting,official
الحدائق إلتماس كهربائي بمرفق حدائق,ISS-146,إلتماس كهربائي بمرفق حدائق,Electrical Short in Park Facility,الحدائق,Parks,الحدائق والمرافق العامة,Parks & Public Spaces,project
وحدة المواقع المطورة اضاءه مطفاه بممر مشاة,ISS-147,اضاءه مطفاه بممر مشاة,Walkway Lighting Off,وحدة المواقع المطورة,Developed Sites Unit,الحدائق والمرافق العامة,Parks & Public Spaces,project
الصحة العامة ملاحظات صحية علي بلاغات عربات الاغذية (الفود ترك),ISS-148,ملاحظات صحية علي بلاغات عربات الاغذية (الفود ترك),Health Observations on Food Trucks,الصحة العامة,Public Health,الصحة العامة,Public Health,project
الصحة العامة ملاحظات صحية علي بلاغات عربات الاغذية الفود ترك,ISS-148,ملاحظات صحية علي بلاغات عربات الاغذية (الفود ترك),Health Observations on Food Trucks,الصحة العامة,Public Health,الصحة العامة,Public Health,project
القطاعات و البلديات عدم وجود دورات مياه عامه في محطات الوقود,ISS-149,عدم وجود دورات مياه عامه في محطات الوقود,No Public Restrooms at Fuel Stations,القطاعات و البلديات,Sectors and Municipalities,الرقابة والامتثال البلدي,Municipal Inspection & Compliance,project
حفر جارى العمل -الجهات الخدمية مخالفات مقاول حفريات,ISS-150,مخالفات مقاول حفريات,Excavation Contractor Violations,حفر جارى العمل - الجهات الخدمية,Ongoing Excavations - Utility Authorities,أعمال الجهات الخدمية والحفريات,Utility Works & Excavations,project
حفر جارى العمل الجهات الخدمية مخالفات مقاول حفريات,ISS-150,مخالفات مقاول حفريات,Excavation Contractor Violations,حفر جارى العمل - الجهات الخدمية,Ongoing Excavations - Utility Authorities,أعمال الجهات الخدمية والحفريات,Utility Works & Excavations,project
سيول و أمطار تفريغ بغرفة سيول,ISS-151,تفريغ بغرفة سيول,Discharge into Flood Chamber,سيول و أمطار,Floods and Rain,السيول وتصريف الأمطار,Floods & Drainage,project
الحدائق إدارة المشاريع اشجار بحاجه الى تقليم,ISS-152,اشجار بحاجه الى تقليم (الحدائق إدارة المشاريع),Trees Need Pruning (Parks Projects Management),الحدائق إدارة المشاريع,Parks Projects Management,الحدائق والمرافق العامة,Parks & Public Spaces,official
القطاعات و البلديات عدم توفر الوقود بأنواعه في محطات الوقود,ISS-153,عدم توفر الوقود بأنواعه في محطات الوقود,Fuel Types Not Available at Fuel Stations,القطاعات و البلديات,Sectors and Municipalities,الرقابة والامتثال البلدي,Municipal Inspection & Compliance,project
تنمية الإستثمارات ملاحظات ماكينة صرافة,ISS-154,ملاحظات ماكينة صرافة,ATM Observations,تنمية الإستثمارات,Investment Development,الاستثمار واللوحات الإعلانية,Investment & Advertising,project
صيانة المحاور و الجسور والأنفاق جسر مشاة متضرر,ISS-155,جسر مشاة متضرر,Damaged Pedestrian Bridge,صيانة المحاور و الجسور والأنفاق,"Axis, Bridges and Tunnels Maintenance",الجسور والأنفاق,Bridges & Tunnels,official
النظافة سقوط خلطة خرسانة في الشارع,ISS-156,سقوط خلطة خرسانة في الشارع,Concrete Mix Spilled on Street,النظافة,Cleaning,النظافة,Cleaning,project
تنفيذ مشروعات الخدمية مخلفات إنشاء حديقة,ISS-157,مخلفات إنشاء حديقة,Park Construction Waste,تنفيذ مشروعات الخدمية,Service Projects Implementation,الحدائق والمرافق العامة,Parks & Public Spaces,official
الصحة العامة تصنيع اغذية غير نظامي,ISS-158,تصنيع اغذية غير نظامي,Unauthorized Food Manufacturing,الصحة العامة,Public Health,الصحة العامة,Public Health,official
الحدائق عمود إنارة آيل للسقوط بمرفق حدائق,ISS-159,عمود إنارة آيل للسقوط بمرفق حدائق,Lighting Pole at Risk of Falling in Park Facility,الحدائق,Parks,الحدائق والمرافق العامة,Parks & Public Spaces,official
مشروع المواقف العامة مشكلة في استعراض الفاتورة,ISS-160,مشكلة في استعراض الفاتورة,Problem Viewing Invoice,مشروع المواقف العامة,Public Parking Project,المواقف العامة,Public Parking,project
إنارة ملاحظات علي محطات الإنارة,ISS-161,ملاحظات علي محطات الإنارة,Lighting Station Observations,إنارة,Lighting,الإنارة,Lighting,official
القطاعات و البلديات الوحدة النسائية - مواد فاسدة أو منتهية الصلاحية,ISS-162,الوحدة النسائية - مواد فاسدة أو منتهية الصلاحية,Women's Unit - Spoiled or Expired Materials,القطاعات و البلديات,Sectors and Municipalities,الرقابة والامتثال البلدي,Municipal Inspection & Compliance,official
القطاعات و البلديات الوحدة النسائية مواد فاسدة أو منتهية الصلاحية,ISS-162,الوحدة النسائية - مواد فاسدة أو منتهية الصلاحية,Women's Unit - Spoiled or Expired Materials,القطاعات و البلديات,Sectors and Municipalities,الرقابة والامتثال البلدي,Municipal Inspection & Compliance,official
صيانة المحاور و الجسور والأنفاق ملاحظات لوحة إرشادية الطرق الرئيسية,ISS-163,ملاحظات لوحة إرشادية الطرق الرئيسية,Main Road Guide Sign Observations,صيانة المحاور و الجسور والأنفاق,"Axis, Bridges and Tunnels Maintenance",الجسور والأنفاق,Bridges & Tunnels,project
التنفيذ والاشراف - إنارة مجموعة اعمدة مطفأه,ISS-164,إنارة مجموعة اعمدة مطفأه,Lighting - Group of Poles Off,التنفيذ والاشراف,Execution and Supervision,الإنارة,Lighting,official
التنفيذ والاشراف إنارة مجموعة اعمدة مطفأه,ISS-164,إنارة مجموعة اعمدة مطفأه,Lighting - Group of Poles Off,التنفيذ والاشراف,Execution and Supervision,الإنارة,Lighting,official
التسمية و الترقيم لوحة إرشادية بارزة,ISS-165,لوحة إرشادية بارزة,Protruding Guide Sign,التسمية و الترقيم,Naming and Numbering,خدمات بلدية أخرى,Other Municipal Services,official
مشروع المواقف العامة عدم وصول رسائل الرمز المؤقت أو الاشعارات,ISS-166,عدم وصول رسائل الرمز المؤقت أو الاشعارات,OTP Messages or Notifications Not Received,مشروع المواقف العامة,Public Parking Project,المواقف العامة,Public Parking,official
صيانة المحاور و الجسور والأنفاق عطل إنارة فى نفق,ISS-167,عطل إنارة فى نفق,Lighting Fault in Tunnel,صيانة المحاور و الجسور والأنفاق,"Axis, Bridges and Tunnels Maintenance",الجسور والأنفاق,Bridges & Tunnels,official
التنفيذ والاشراف إنارة ملاحظات على معدات صيانة الإنارة,ISS-168,إنارة ملاحظات على معدات صيانة الإنارة,Lighting - Lighting Maintenance Equipment Observations,التنفيذ والاشراف,Execution and Supervision,الإنارة,Lighting,project
القطاعات و البلديات عدم الالتزام بالنظافة الشخصية للعاملين داخل المنشأة,ISS-169,عدم الالتزام بالنظافة الشخصية للعاملين داخل المنشأة,Staff Personal Hygiene Non-Compliance,القطاعات و البلديات,Sectors and Municipalities,الرقابة والامتثال البلدي,Municipal Inspection & Compliance,project
غرف التفتيش الجهات الخدمية تعديل منسوب غرف التفتيش,ISS-170,تعديل منسوب غرف التفتيش,Inspection Chamber Level Adjustment,غرف التفتيش - الجهات الخدمية,Inspection Chambers - Utility Authorities,أعمال الجهات الخدمية والحفريات,Utility Works & Excavations,project
حفر جارى العمل -الجهات الخدمية عدم نظافة الموقع ووجود مخلفات بعد الانتهاء من الأعمال الحفر,ISS-171,عدم نظافة الموقع ووجود مخلفات بعد الانتهاء من الأعمال الحفر,Site Not Cleaned After Excavation Works,حفر جارى العمل - الجهات الخدمية,Ongoing Excavations - Utility Authorities,أعمال الجهات الخدمية والحفريات,Utility Works & Excavations,project
حفر جارى العمل الجهات الخدمية عدم نظافة الموقع ووجود مخلفات بعد الانتهاء من الأعمال الحفر,ISS-171,عدم نظافة الموقع ووجود مخلفات بعد الانتهاء من الأعمال الحفر,Site Not Cleaned After Excavation Works,حفر جارى العمل - الجهات الخدمية,Ongoing Excavations - Utility Authorities,أعمال الجهات الخدمية والحفريات,Utility Works & Excavations,project
التنفيذ والاشراف طرق ملاحظات على الأسفلت,ISS-172,طرق ملاحظات على الأسفلت,Roads - Asphalt Observations,التنفيذ والاشراف,Execution and Supervision,الطرق والأرصفة,Roads & Sidewalks,official
إدارة التنفيذ بالحدائق إنارة مرفق حدائق مطفأة,ISS-173,إنارة مرفق حدائق مطفأة (إدارة التنفيذ بالحدائق),Park Facility Lighting Off (Parks Execution Department),إدارة التنفيذ بالحدائق,Parks Execution Department,الحدائق والمرافق العامة,Parks & Public Spaces,official
تنفيذ مشروعات الخدمية ملاحظات على ألعاب الأطفال,ISS-174,ملاحظات على ألعاب الأطفال (تنفيذ مشروعات الخدمية),Children's Playground Observations (Service Projects Implementation),تنفيذ مشروعات الخدمية,Service Projects Implementation,الحدائق والمرافق العامة,Parks & Public Spaces,official
القطاعات و البلديات عدم وجود مواقف لذوي الإعاقة,ISS-175,عدم وجود مواقف لذوي الإعاقة,No Parking for Persons with Disabilities,القطاعات و البلديات,Sectors and Municipalities,الرقابة والامتثال البلدي,Municipal Inspection & Compliance,official
حفر جارى العمل الجهات الخدمية عدم اعادة الرصيف لحالته السابقة,ISS-176,عدم اعادة الرصيف لحالته السابقة,Sidewalk Not Restored,حفر جارى العمل - الجهات الخدمية,Ongoing Excavations - Utility Authorities,أعمال الجهات الخدمية والحفريات,Utility Works & Excavations,project
تنمية الإستثمارات اخرى تنمية الاستثمارات خطير,ISS-177,اخرى - تنمية الاستثمارات - خطير,Other (Critical),تنمية الإستثمارات,Investment Development,الاستثمار واللوحات الإعلانية,Investment & Advertising,project
تنمية الإستثمارات اخرى-تنمية الاستثمارات-خطير,ISS-177,اخرى - تنمية الاستثمارات - خطير,Other (Critical),تنمية الإستثمارات,Investment Development,الاستثمار واللوحات الإعلانية,Investment & Advertising,project
تنمية الإستثمارات لوحة اعلانيه ايله للسقوط أو ساقطه,ISS-178,لوحة اعلانيه ايله للسقوط أو ساقطه,Advertising Sign at Risk of Falling or Fallen,تنمية الإستثمارات,Investment Development,الاستثمار واللوحات الإعلانية,Investment & Advertising,project
أعلام ملاحظات على الأعلام,ISS-179,ملاحظات على الأعلام,Flag Observations,أعلام,Flags,خدمات بلدية أخرى,Other Municipal Services,project
الإدارة العامة لتنفيذ السيول تجمع مياه,ISS-180,تجمع مياه (الإدارة العامة لتنفيذ السيول),Water Accumulation (General Department for Flood Implementation),الإدارة العامة لتنفيذ السيول,General Department for Flood Implementation,السيول وتصريف الأمطار,Floods & Drainage,official
التنفيذ والاشراف - إنارة إنارة غير منتظمة,ISS-181,إنارة إنارة غير منتظمة,Lighting - Irregular Lighting,التنفيذ والاشراف,Execution and Supervision,الإنارة,Lighting,official
التنفيذ والاشراف إنارة إنارة غير منتظمة,ISS-181,إنارة إنارة غير منتظمة,Lighting - Irregular Lighting,التنفيذ والاشراف,Execution and Supervision,الإنارة,Lighting,official
صيانة المرافق أعطال وملاحظات فى دورات المياه,ISS-182,أعطال وملاحظات فى دورات المياه,Restroom Faults and Observations,صيانة المرافق,Facilities Maintenance,خدمات بلدية أخرى,Other Municipal Services,project
صيانة المحاور و الجسور والأنفاق تجمع مياة داخل نفق,ISS-183,تجمع مياة داخل نفق,Water Accumulation in Tunnel,صيانة المحاور و الجسور والأنفاق,"Axis, Bridges and Tunnels Maintenance",الجسور والأنفاق,Bridges & Tunnels,project
صيانة المرافق أعطال وملاحظات علي المنشئات,ISS-184,أعطال وملاحظات علي المنشئات,Facility Faults and Observations,صيانة المرافق,Facilities Maintenance,خدمات بلدية أخرى,Other Municipal Services,project
رقابة الخدمات مظلات باعة جائلين,ISS-185,مظلات باعة جائلين,Street Vendor Canopies,رقابة الخدمات,Services Control,الرقابة والامتثال البلدي,Municipal Inspection & Compliance,project
القطاعات و البلديات عدم الالتزام بإحكام اغلاق وتغليف الطرود,ISS-186,عدم الالتزام بإحكام اغلاق وتغليف الطرود,Improper Parcel Sealing and Packaging,القطاعات و البلديات,Sectors and Municipalities,الرقابة والامتثال البلدي,Municipal Inspection & Compliance,project
الحدائق ملاحظات على النافورة,ISS-187,ملاحظات على النافورة,Fountain Observations,الحدائق,Parks,الحدائق والمرافق العامة,Parks & Public Spaces,official
القطاعات و البلديات ملاحظات على لوحة أسعار الوقود فى المحطات,ISS-188,ملاحظات على لوحة أسعار الوقود فى المحطات,Fuel Price Board Observations,القطاعات و البلديات,Sectors and Municipalities,الرقابة والامتثال البلدي,Municipal Inspection & Compliance,project
تنفيذ مشروعات الخدمية اشجار بحاجة الى تقليم,ISS-189,اشجار بحاجة الى تقليم,Trees Need Pruning (Service Projects Implementation),تنفيذ مشروعات الخدمية,Service Projects Implementation,الحدائق والمرافق العامة,Parks & Public Spaces,official
صيانة المرافق كتابات مسيئة,ISS-190,كتابات مسيئة,Offensive Graffiti,صيانة المرافق,Facilities Maintenance,خدمات بلدية أخرى,Other Municipal Services,project
إدارة التنفيذ بالحدائق أشجار بحاجة إلى تقليم,ISS-191,أشجار بحاجة إلى تقليم,Trees Need Pruning (Parks Execution Department),إدارة التنفيذ بالحدائق,Parks Execution Department,الحدائق والمرافق العامة,Parks & Public Spaces,official
أعلام أعلام ساقطة,ISS-192,أعلام ساقطة,Fallen Flags,أعلام,Flags,خدمات بلدية أخرى,Other Municipal Services,official
إدارة التنفيذ بالحدائق تسرب مياه ري.,ISS-193,تسرب مياه ري (إدارة التنفيذ بالحدائق),Irrigation Water Leakage (Parks Execution Department),إدارة التنفيذ بالحدائق,Parks Execution Department,الحدائق والمرافق العامة,Parks & Public Spaces,official
التنفيذ والاشراف طرق اخرى ـ تنفيذ وإشراف طرق خطير,ISS-194,طرق اخرى - تنفيذ وإشراف طرق خطير,Roads - Other (Critical),التنفيذ والاشراف,Execution and Supervision,الطرق والأرصفة,Roads & Sidewalks,project
حفر جارى العمل -الجهات الخدمية شكوى على أعمال حفر,ISS-195,شكوى على أعمال حفر,Complaint About Excavation Works,حفر جارى العمل - الجهات الخدمية,Ongoing Excavations - Utility Authorities,أعمال الجهات الخدمية والحفريات,Utility Works & Excavations,project
حفر جارى العمل الجهات الخدمية شكوى على أعمال حفر,ISS-195,شكوى على أعمال حفر,Complaint About Excavation Works,حفر جارى العمل - الجهات الخدمية,Ongoing Excavations - Utility Authorities,أعمال الجهات الخدمية والحفريات,Utility Works & Excavations,project
وحدة المواقع المطورة تدني نظافة ممر مشاة,ISS-196,تدني نظافة ممر مشاة,Poor Walkway Cleanliness,وحدة المواقع المطورة,Developed Sites Unit,الحدائق والمرافق العامة,Parks & Public Spaces,project
حفر جارى العمل الجهات الخدمية تأخر اغلاق حفرية,ISS-197,تأخر اغلاق حفرية,Delayed Excavation Closure,حفر جارى العمل - الجهات الخدمية,Ongoing Excavations - Utility Authorities,أعمال الجهات الخدمية والحفريات,Utility Works & Excavations,project
إنارة محطة مصدومة,ISS-198,محطة مصدومة,Hit Lighting Station,إنارة,Lighting,الإنارة,Lighting,project
صيانة المحاور و الجسور والأنفاق عطل مصعد مشاه,ISS-199,عطل مصعد مشاه,Pedestrian Elevator Fault,صيانة المحاور و الجسور والأنفاق,"Axis, Bridges and Tunnels Maintenance",الجسور والأنفاق,Bridges & Tunnels,official
وحدة المواقع المطورة إساءة استخدام ممر مشاة,ISS-200,إساءة استخدام ممر مشاة,Walkway Misuse,وحدة المواقع المطورة,Developed Sites Unit,الحدائق والمرافق العامة,Parks & Public Spaces,project
غرف التفتيش الجهات الخدمية أغطية غرف تفتيش مفقودة,ISS-201,أغطية غرف تفتيش مفقودة,Missing Inspection Chamber Covers,غرف التفتيش - الجهات الخدمية,Inspection Chambers - Utility Authorities,أعمال الجهات الخدمية والحفريات,Utility Works & Excavations,project
الحدائق إدارة المشاريع تسرب مياه ري,ISS-202,تسرب مياه ري (الحدائق إدارة المشاريع),Irrigation Water Leakage (Parks Projects Management),الحدائق إدارة المشاريع,Parks Projects Management,الحدائق والمرافق العامة,Parks & Public Spaces,official
إدارة التنفيذ بالحدائق تعدي على مرفق حدائق.,ISS-203,تعدي على مرفق حدائق (إدارة التنفيذ بالحدائق),Encroachment on Park Facility (Parks Execution Department),إدارة التنفيذ بالحدائق,Parks Execution Department,الحدائق والمرافق العامة,Parks & Public Spaces,official
التنفيذ والاشراف إنارة عمود آيل للسقوط,ISS-204,إنارة عمود آيل للسقوط,Lighting - Pole at Risk of Falling,التنفيذ والاشراف,Execution and Supervision,الإنارة,Lighting,project
القطاعات و البلديات الوحدة النسائية - عدم وجود تسعيرة مشاغل,ISS-205,الوحدة النسائية - عدم وجود تسعيرة مشاغل,Women's Unit - No Price List at Salons,القطاعات و البلديات,Sectors and Municipalities,الرقابة والامتثال البلدي,Municipal Inspection & Compliance,project
القطاعات و البلديات الوحدة النسائية عدم وجود تسعيرة مشاغل,ISS-205,الوحدة النسائية - عدم وجود تسعيرة مشاغل,Women's Unit - No Price List at Salons,القطاعات و البلديات,Sectors and Municipalities,الرقابة والامتثال البلدي,Municipal Inspection & Compliance,project
تنمية الإستثمارات لوحة اعلانيه بارزة,ISS-206,لوحة اعلانيه بارزة,Protruding Advertising Sign,تنمية الإستثمارات,Investment Development,الاستثمار واللوحات الإعلانية,Investment & Advertising,official
إدارة التنفيذ بالحدائق إساءة إستخدام مرفق حدائق.,ISS-207,إساءة إستخدام مرفق حدائق,Misuse of Park Facility (Parks Execution Department),إدارة التنفيذ بالحدائق,Parks Execution Department,الحدائق والمرافق العامة,Parks & Public Spaces,official
إدارة التنفيذ بالحدائق سوء نظافة دورات مياه بمرفق حدائق,ISS-208,سوء نظافة دورات مياه بمرفق حدائق,Poor Cleanliness of Restrooms in Park Facility (Parks Execution Department),إدارة التنفيذ بالحدائق,Parks Execution Department,الحدائق والمرافق العامة,Parks & Public Spaces,official
التنفيذ والاشراف إنارة عمود ساقط,ISS-209,إنارة عمود ساقط,Lighting - Fallen Pole,التنفيذ والاشراف,Execution and Supervision,الإنارة,Lighting,project
إدارة التنفيذ بالحدائق تدني نظافة مرفق حدائق,ISS-210,تدني نظافة مرفق حدائق (إدارة التنفيذ بالحدائق),Poor Cleanliness of Park Facility (Parks Execution Department),إدارة التنفيذ بالحدائق,Parks Execution Department,الحدائق والمرافق العامة,Parks & Public Spaces,official
القطاعات و البلديات عدم مراعاة متطلبات ذوى الإعاقة من مواقف ودورات مياه وممرات صعود في مرافق المحطة,ISS-211,عدم مراعاة متطلبات ذوى الإعاقة من مواقف ودورات مياه وممرات صعود في مرافق المحطة,Station Facilities Not Accessible for Persons with Disabilities,القطاعات و البلديات,Sectors and Municipalities,الرقابة والامتثال البلدي,Municipal Inspection & Compliance,project
القطاعات و البلديات عدم وجود أو عدم تركيب شاشة عرض أسعار الوقود,ISS-212,عدم وجود أو عدم تركيب شاشة عرض أسعار الوقود,Missing Fuel Price Display Screen,القطاعات و البلديات,Sectors and Municipalities,الرقابة والامتثال البلدي,Municipal Inspection & Compliance,project
الحدائق عدم وجود منزلقات لذوي الإعاقة,ISS-213,عدم وجود منزلقات لذوي الإعاقة (الحدائق),No Ramps for Persons with Disabilities (Parks),الحدائق,Parks,الحدائق والمرافق العامة,Parks & Public Spaces,official
وحدة متنزه الملك سلمان ببنبان سوء نظافة دورات مياه بمرفق,ISS-214,سوء نظافة دورات مياه بمرفق,Poor Restroom Cleanliness in Facility,وحدة متنزه الملك سلمان ببنبان,King Salman Park Unit in Banban,الحدائق والمرافق العامة,Parks & Public Spaces,project
مشروع المواقف العامة لوحة او جهاز آيل للسقوط او ساقطة,ISS-215,لوحة او جهاز آيل للسقوط او ساقطة,Sign or Device at Risk of Falling or Fallen,مشروع المواقف العامة,Public Parking Project,المواقف العامة,Public Parking,official
صيانة المحاور و الجسور والأنفاق سقوط مركبة من الجسر,ISS-216,سقوط مركبة من الجسر,Vehicle Fell from Bridge,صيانة المحاور و الجسور والأنفاق,"Axis, Bridges and Tunnels Maintenance",الجسور والأنفاق,Bridges & Tunnels,project
الحدائق عدم وجود حماية لأعمال الحفريات,ISS-217,عدم وجود حماية لأعمال الحفريات,No Protection Around Excavation Works,الحدائق,Parks,الحدائق والمرافق العامة,Parks & Public Spaces,project
الحدائق إدارة المشاريع ملاحظات على العاب الاطفال,ISS-218,ملاحظات على العاب الاطفال,Children's Playground Observations (Parks Projects Management),الحدائق إدارة المشاريع,Parks Projects Management,الحدائق والمرافق العامة,Parks & Public Spaces,official
الحدائق عدم وجود مسار خاص بالمكفوفين,ISS-219,عدم وجود مسار خاص بالمكفوفين,No Path for Visually Impaired People,الحدائق,Parks,الحدائق والمرافق العامة,Parks & Public Spaces,project
التنفيذ والاشراف إنارة إنارة ضعيفة,ISS-220,إنارة إنارة ضعيفة,Lighting - Weak Lighting,التنفيذ والاشراف,Execution and Supervision,الإنارة,Lighting,project
التنفيذ والاشراف طرق بروز حواجز حديديه أو خرسانيه,ISS-221,طرق بروز حواجز حديديه أو خرسانيه,Roads - Protruding Metal or Concrete Barriers,التنفيذ والاشراف,Execution and Supervision,الطرق والأرصفة,Roads & Sidewalks,project
إدارة التنفيذ بالحدائق ملاحظات أخرى على الحدائق,ISS-222,ملاحظات أخرى على الحدائق (إدارة التنفيذ بالحدائق),Other Park Observations (Parks Execution Department),إدارة التنفيذ بالحدائق,Parks Execution Department,الحدائق والمرافق العامة,Parks & Public Spaces,official
إدارة التنفيذ بالحدائق شجرة آيلة للسقوط,ISS-223,شجرة آيلة للسقوط,Tree at Risk of Falling (Parks Execution Department),إدارة التنفيذ بالحدائق,Parks Execution Department,الحدائق والمرافق العامة,Parks & Public Spaces,official
إدارة التنفيذ بالحدائق تلف احواض,ISS-224,تلف احواض (إدارة التنفيذ بالحدائق),Damaged Basins (Parks Execution Department),إدارة التنفيذ بالحدائق,Parks Execution Department,الحدائق والمرافق العامة,Parks & Public Spaces,official
أعلام ملاحظات على سياج,ISS-225,ملاحظات على سياج,Fence Observations,أعلام,Flags,خدمات بلدية أخرى,Other Municipal Services,project
ادارة المخزون مخالفة سيارة الامانة,ISS-226,مخالفة سيارة الامانة,Municipality Vehicle Violation,ادارة المخزون,Inventory Management,خدمات بلدية أخرى,Other Municipal Services,project
التنفيذ والاشراف إنارة إلتماس أو شرار بالإنارة,ISS-227,إنارة إلتماس أو شرار بالإنارة,Lighting - Electrical Short or Sparks,التنفيذ والاشراف,Execution and Supervision,الإنارة,Lighting,project
التنفيذ والاشراف إنارة عمود بدون غطاء,ISS-228,إنارة عمود بدون غطاء,Lighting - Pole Without Cover,التنفيذ والاشراف,Execution and Supervision,الإنارة,Lighting,project
أعلام علم دوله ملفوف,ISS-229,علم دوله ملفوف,Rolled National Flag,أعلام,Flags,خدمات بلدية أخرى,Other Municipal Services,official
الصحة العامة مخالفات اشتراطات صحية داخل مجمع سكني,ISS-230,مخالفات اشتراطات صحية داخل مجمع سكني,Health Requirement Violations in Residential Compound,الصحة العامة,Public Health,الصحة العامة,Public Health,project
التنفيذ والاشراف طرق هبوط حاد في الاسفلت,ISS-231,طرق هبوط حاد في الاسفلت,Roads - Severe Asphalt Subsidence,التنفيذ والاشراف,Execution and Supervision,الطرق والأرصفة,Roads & Sidewalks,project
تنفيذ مشروعات الخدمية انكسار خط ري,ISS-232,انكسار خط ري (تنفيذ مشروعات الخدمية),Broken Irrigation Line (Service Projects Implementation),تنفيذ مشروعات الخدمية,Service Projects Implementation,الحدائق والمرافق العامة,Parks & Public Spaces,official
الورشة المركزية بروز حواجز حديدية,ISS-233,بروز حواجز حديدية,Protruding Metal Barriers,الورشة المركزية,Central Workshop,خدمات بلدية أخرى,Other Municipal Services,project
حفر جارى العمل -الجهات الخدمية إنكسار أنابيب مياه,ISS-234,إنكسار أنابيب مياه,Broken Water Pipes,حفر جارى العمل - الجهات الخدمية,Ongoing Excavations - Utility Authorities,أعمال الجهات الخدمية والحفريات,Utility Works & Excavations,project
حفر جارى العمل الجهات الخدمية إلتماس سلك تابع للحفرية,ISS-235,إلتماس سلك تابع للحفرية,Electrical Short in Excavation Cable,حفر جارى العمل - الجهات الخدمية,Ongoing Excavations - Utility Authorities,أعمال الجهات الخدمية والحفريات,Utility Works & Excavations,project
حفر جارى العمل الجهات الخدمية عدم وجود معابر حفرية,ISS-236,عدم وجود معابر حفرية,No Crossings Over Excavation,حفر جارى العمل - الجهات الخدمية,Ongoing Excavations - Utility Authorities,أعمال الجهات الخدمية والحفريات,Utility Works & Excavations,project
سوق السمك وجود عمالة داخل المباسط فى السوق,ISS-237,وجود عمالة داخل المباسط فى السوق,Workers Inside Market Stalls,سوق السمك,Fish Market,الرقابة والامتثال البلدي,Municipal Inspection & Compliance,project
صيانة المرافق أعطال وملاحظات على الأسواق,ISS-238,أعطال وملاحظات على الأسواق,Market Faults and Observations,صيانة المرافق,Facilities Maintenance,خدمات بلدية أخرى,Other Municipal Services,project
وحدة المواقع المطورة بروز هبوط ممر مشاة,ISS-239,بروز هبوط ممر مشاة,Protruding or Sunken Walkway,وحدة المواقع المطورة,Developed Sites Unit,الحدائق والمرافق العامة,Parks & Public Spaces,project
وحدة المواقع المطورة تلف عناصر ممر مشاة,ISS-240,تلف عناصر ممر مشاة,Damaged Walkway Elements,وحدة المواقع المطورة,Developed Sites Unit,الحدائق والمرافق العامة,Parks & Public Spaces,project
وحدة المواقع المطورة تسرب مياه في ممر مشاة,ISS-241,تسرب مياه في ممر مشاة,Water Leakage in Walkway,وحدة المواقع المطورة,Developed Sites Unit,الحدائق والمرافق العامة,Parks & Public Spaces,project
وحدة المواقع المطورة عناصر إنارة ممر مشاة مكشوفه,ISS-242,عناصر إنارة ممر مشاة مكشوفه,Exposed Walkway Lighting Elements,وحدة المواقع المطورة,Developed Sites Unit,الحدائق والمرافق العامة,Parks & Public Spaces,project
وحدة متنزه الملك سلمان ببنبان إساءة استخدام مرفق,ISS-243,إساءة استخدام مرفق,Facility Misuse,وحدة متنزه الملك سلمان ببنبان,King Salman Park Unit in Banban,الحدائق والمرافق العامة,Parks & Public Spaces,project
وحدة متنزه الملك سلمان ببنبان إلتماس كهربائي بمرفق,ISS-244,إلتماس كهربائي بمرفق,Electrical Short in Facility,وحدة متنزه الملك سلمان ببنبان,King Salman Park Unit in Banban,الحدائق والمرافق العامة,Parks & Public Spaces,project
وحدة متنزه الملك سلمان ببنبان إنارة مرفق حدائق مطفأة,ISS-245,إنارة مرفق حدائق مطفأة (وحدة متنزه الملك سلمان ببنبان),Park Facility Lighting Off (King Salman Park Unit in Banban),وحدة متنزه الملك سلمان ببنبان,King Salman Park Unit in Banban,الحدائق والمرافق العامة,Parks & Public Spaces,official
